"score","review","y",""
"1","","0","장인닭갈비 강남점"
"2","네, 나오자마자 찍은 사진 맞고요. 분명히 2인분 시켰는데 왜 1인분도 안되는 양이 나온 거죠?! 심지어 재료는 닭고기랑 양배추밖에 안 들어가 있어요.. 닭갈비는 양파, 파, 고구마 이런거 들어가야 하는 거 아닌가요? 밥 먹는데 남자친구 표정이 너무 안좋아서 먹다 체했어요.. 식당 이름이 장인닭갈비던데 요리장인은 절대 아니고 다이어트 장인인가 봐요. 유가네...","0",""
"1","친절은 기대도 하지 마세요....진짜 말을 어덯게....화가 나네요","0",""
"1","돈이 너무 많아서 주체가 안 되면 가세요.... 고기에서 반지하 물 냄새, 닭냄새가 섞인 냄새가 남 ㅋㅋㅋㅋㅋㅋㅋㅋㅋㅋㅋㅋㅋㅋ 먹는데 비위가 상해......소스도 전혀 안 배어있음. 치즈사리는 2인 4천원/ 3인 5천원/ 4인 6천원 이런 식으로 받아먹음 ㅎ","0",""
"1","다른데 1인분이 여기 2인분임 ㅋㅋ 가격도 비싸고 알바생들 노느라 서비스 엉망임. 제대로 조율해주는 매니저도 없고 닭갈비 나오는데 23분, 볶음밥 하나 하는데 15분씩 기다려야함. 주문했는데 알바생들끼리 준비안하고 떠들고있어서 밥 볶아달라니까 재료준비중이라고만 반복함. 김치 날치알 밥 김가루가 15분이나 준비해야하는 재료였는지 몰랐네 주방에 일하는분들 다 ...","0",""
"1","옛날에 장인닭갈비 정말 맛있었는데ㅠ 이제는 닭도 덜 익은데다가 양념도 너무 과하게 달고 치즈추가도 했음에도 불구하고 너무 적게 줍니다…  닭이 덜 익어서 그런지 비린내가 너무 심합니다.. 초심 되찾아주세요;;","0",""
"1","초심잃었습니다..  제가알던 장인은 어디가고 아마추어 닭갈비가 되어버린 안타까운 식사였습니다.  다른 닭갈비집 가세요  이만","0",""
"4","가격대비 양이 많지는 않음. 친구가 가운데 치즈 때문에 가자고 했는데 괜찮았다. 막 특색이 있다는 아닌데 볶음밥이 맛있다. 기름에 볶아진 느낌이 아닌데 약간 달달하니 손이 계속 갔다. 무슨 봉봉인지 뭐시기 음료 절대 비추","1",""
"3","","0",""
"4","","1",""
"5","여자친구와 치즈 닭갈비를 잘 먹었어요. 넘 배불러서 볶음밥까진 못 먹었어요 ㅋㅋ","1",""
"4","닭갈비만 먹었을 땐 3점이었는데, 볶음밥까지 먹고 4점 드립니다. 볶음밥 꼭 드세요!  중간맛으로 먹었는데 적당히 매콤하고 치즈에 양파랑 같이 먹으니 괜찮았습니다. 순한맛으로 먹었으면 좀 많이 싱거웠을 것 같아요.  엄청 뛰어난 맛과 서비스를 기대하긴 힘들겠지만.. 위치 좋고, 비주얼 좋고, 적당히 호불호 안 갈리게 한 끼 먹기 괜찮습니다. ","1",""
"3","맛있게 먹긴했으나... 단맛이 너무 강해서 별5개는 아니라고 보임","0",""
"5","맛있는데 단맛이 좀 강함","1",""
"4","치즈 플레이팅?이 예쁘게 돼서 유명한 것 같은데 맛은 아무 닭갈비집이랑 차이는 없다. 가격만 좀 더 높을 뿐.","1",""
"4","생각보다 맛있었어요 양도 적당. 볶음밥 굿","1",""
"4","","1",""
"5","가성비 진짜 최고~  닭갈비에 무조건 치즈사리 추가!! 마지막 볶음밥까지~ 한끼식사로 충분해요~","1",""
"1","평일 오후타임 일하는 여자알바분 개념은 밥 말아먹으셨나봐요? 앉을 자리 보고 qr체크인 한다고 말했더니 짝다리 짚고 서서 노려보면서 qr찍으라고 소리치고, 벨누르는데 직원끼리 모여앉아서 노느라 보는 시늉도 안하고, 영수증에 금액 두배로 찍혀있어서 말했더니 사과한마디도 안하고. 가본 식당중에 단연 서비스 최악이었습니다. 장사할거면 직원교육부터 똑바로 시키시길...","0",""
"3","","0",""
"5","여기는 무조건 치즈 추가 필수 줄여서 치추필 기억하세요 치추필 뭐라고요 치추필","1",""
"5","치즈닭갈비 너무맛있어요 ㅠㅠ 깔끔하고 좋아요 ","1",""
"5","동네에 체인점 있었을 때 맛있어서 많이 갔었는데~~! 지금은 없어졌지만 강남 들른김에 생각나서 방문했네요. 여전히 맛은 그대로 입니다 ","1",""
"5","양 많고 맛있네요~!","1",""
"5","닭갈비 양도 많고 맛있어요!","1",""
"1","16일 토요일 12시 30분 예약이었고 카운터에 계신 남자분한테 예약자 이름 말씀드리니 4번이라고 해서 갔더니 4번 방에 다른 손님들이 계심 당황해서 홀에 있는 다른 직원분한테 여쭤보니 2번이라고 하셔서 가보니 또 아님;진짜 개판이에요 아래 리뷰분들처럼 벨 3번 무시에다가  12시 30분-13:30 근무하고 계시는 고기 자르는 중년 여자분 고기 자르면서 마...","0",""
"4","된찌밥이 진짜 별미","1",""
"2","이 가격이라면 맛 없을 수는 없겠지만 기대보다는 그닥..ㅠㅠ다른 지점에서는 분명 더 맛있게 먹었는데 구워주시는 분에 따라 차이가 있는 걸까요..","0",""
"1","살다살다 이런 가게는 처음입니다. 사고 쳐놓고 직원끼리 작당모의 하고 아무일 없는 척 일하는 분들. 매니저는 가식적으로 다음에 오면 서비스 해드릴게요 하는가게. 옛날 창고 생각하고 가시지 않길 바랍니다. 유명 프랜차이즈에 인수된 가게에 불과합니다","0",""
"1","두번 가지는 않을것 후기대로 직원들 싸가지 없음 벨무시 기본 메뉴판 달라니까 불친절하게 저뒤에 있잖아요  내가 이집 주인이냐! 저뒤에 있는줄 알게!!! 다신 안간다 ","0",""
"1","벨 무시당함 지나가는 직원한테 고기꿔달라고 말해야함. 언제먹으라는 말도 없이 그냥 휙 가버림  이 돈주고 이 서비스를 당해야하나","0",""
"2","불친절, 반찬이 특색없음   특히 깍두기볶음밥 최악  물냉은 그나마 먹을만  담부턴 경천애인이나 한와담 가야지","0",""
"4","","1",""
"4","룸에서 모임하기 좋아요.","1",""
"5","너무 조치 룸도 잇고 근데 환기가 안됨 ㅠ 그리고 카운터 남자분 일 똑바로 햇으면 ㅠ 싸1가지 진짜 가정교육 된장찌개에 밥말아먹엇나","1",""
"2","여기올때마다느끼는거지만 카운터 직원, 맨앞에서 자리응대하는직원 참 불친절... 말풍선 다보인다. 말하는게 기본이 안된듯","0",""
"5","","1",""
"2","바닥이 너무 미끌거림..  파채는 도끼로 써는듯","0",""
"4","친구들과 즐겁게 식사하고 왔어요. 룸도 있어서 룸에서 먹으니 좋네요!","1",""
"5","","1",""
"1","원래 리뷰 아예안쓰는데 처음 씁니다.  오랜만에 왔는데 서비스는 개나 줘버리고 고기올려놓고 까먹은건지 뭔지 오지도 않고 이게 소고기인지 고무씹는건지 모르겠네요. 맛있다고 지인 데려왔는데 다신 안올거같아요 만원짜리 삼겹살집이 더 나았을듯 ","0",""
"1","아니 고기 몇만원어치를 먹는데 계속 안구워주고 벨을 눌러도 묵묵 부답 진짜 비싼값내고 먹는데 짜증나 죽을뻔함","0",""
"1","","0",""
"3","왠지 모르지만 맛의 기복이 있어요 그리고 나갈 때쯤이면 거의 훈제인간 됨","0",""
"2","호불호가 확실히 갈릴 거 같아요","0",""
"3","","0",""
"2","후식도있었나요? 못먹음 (디너) 창고43스페셜","0",""
"4","","1",""
"4","고기질 좋고 잘 구워줌. 가격은 비싼 편.  (1인당 16.7만 지불)","1",""
"4","","1",""
"5","","1",""
"5","존맛탱. 양 적고 비싸지만 돈 값합니다. 두꺼운 삼겹살 유행이지만 그 중에서도 뛰어난 맛입니다. 직원들도 친절하십니다. 괜히 사람이 많은 게 아님!!! 재방문의사 200%. 오래오래 다니고싶은 집.","1",""
"5","가격이 좀 비싸지만 통통하고 넘나 맛있어요,, 양 적어서 3명이서 6인분은 먹어줘야해요 직원분들 친절해요","1",""
"4","","1",""
"4","목살, 삼겹살 먹었는데 첫 한점은 정말 맛있는데 나중갈수록 퍽퍽해서 아쉬웠어요ㅜㅠ 남자친구가 강추해서 같이 간 곳인데 고기 구워주시는 직원분에 따라서 고기 맛이 달라지는 거 같아요~ 비빔냉면도 맛있었습니다~","1",""
"5","맛잇어요!̤̮","1",""
"4","맛있게 잘 먹었습니다","1",""
"5","","1",""
"4","입에서 살살 녹아요.ㅎㅎ","1",""
"4","고기맛이 끝내줘요~~","1",""
"4","맛있어요","1",""
"4","육전식당 신설동 본점도 자주 갔는데 강남에도 있길래 방문함. 기대가 너무 컸나 다들 맛나게 먹었지만 부족했음… 많이 시끄러워 대화하는데 목이 아팠다. 고기맛은 여전히 굿. ","1",""
"3","오늘은 삼겹살이 질겼어요 목살은 겉바속촉이었는데 삼겹살 살코기 질김 무슨 일이죠? 원래 육즙팡팡 부드럽게 녹았잖아요 고기 상태 신경써주세요... 지인에게 자신있게 소개한 곳이었는데 아쉬운 자리였네요ㅠㅠ","0",""
"5","맛있음","1",""
"5","목살도 존맛 삼겹살은 대존맛 사진 왜 못찍었을까 나","1",""
"1","","0",""
"5","고기 자체가 맛있네요!!! 소금 갈치젓 다 맛있어요!","1",""
"5","","1",""
"4","맛잇으느 비싸다으","1",""
"5","친절하고 너무 맛있었어요. 고기도 진짜 맛잇게 구워주시고..  근데 볶음밥은 진짜 별로에요. 비싼데 맛이없어요.. 고기많이드세요","1",""
"4","","1",""
"5","ㅈㅁㅌㅌㄱㄹ","1",""
"4","","1",""
"5","","1",""
"3","맛은 있지만 가성비는 좋지 않아요","0",""
"4","","1",""
"5","ㅈㅁㅌㅌㄱㄹ","1",""
"4","","1",""
"5","","1",""
"3","맛은 있지만 가성비는 좋지 않아요","0",""
"4","","1",""
"4","","1",""
"1","서비스 진짜 별로임.. 친구보다 5분정도 먼저와서 고기시켜놓고 잠시 기다리고 있는데 다른분 언제오냐고 겁나 물어보면서 눈치줌... 최악의 서비스.. 강남에 이런데가 잇다니 충격임. 직원분중이 키작으셧던 분 같은데 진짜 최악이고 드러웟음  ","0",""
"5","","1",""
"5","맛있음 반찬도 굿","1",""
"4","","1",""
"5","맛나게먹었어요","1",""
"1","숯불, 석쇠(그릴)위에 고기를 굽다보니 연기가 너무 심한건 둘째치고 고기에 그을음이 코팅되는군요. 목살에 마블링처럼 보이는 부분(목살에 웬 마블링?)은 먹어보니 힘줄 같네요. 등받이 없는 의자도 불편해요. 포장마차도 아니고 이 가격에... ","0",""
"3","그나마 먹을만한건 이베리코 목살","0",""
"1","애매하다. 목살은 너무 질겨서 충정로 *툼 보다 못하고, 항정살은 기름덩어리라 남영동 **돈만 못하고, 삼겹살이랑 된찌가 그래도 그나마 제일 낫다. 별 3개가 적당한데, 현 평점이 너무 높아서 1개 드려본다. 웨이팅하면서 먹을 곳은 아닌듯.","0",""
"5","숙성돼지라 맛있었어요~~ 친절하시고 고기도 잘 구워주세요 추가주문도 테블릿으로 해서 편하고 단점은 늦게가면 웨이팅이 있다는 점?? ","1",""
"4","괜찮음","1",""
"5","존맛탱!! 인생 삼겹살집 입니다요","1",""
"4","","1",""
"5","진심 대박 맛있고! 특별한건 직원분이 끝까지 구워주시는게 최고! 내 인생  최고의 고기집이였음!","1",""
"1","고기는 맛있는데 직원분들 태도는 그닥... 내 돈 주고가는데 왜 내가 가게직원 눈치를 봐야 하지?","0",""
"1","20분다되도록 고기안나와서 두번이나 얘기했는데  죄송하다는 말도 그닥 성의없이 하시고 고객응대 서비스는 최악이었습니다.  고기는 맛있긴 함.","0",""
"5","걍개마싯윰ㄹㅇ 좀비싸긴함","1",""
"5","고기는 맛있어요~","1",""
"5","고기 맛있어요ㅋㅋㅋ 된장밥 도 맛있고 비빔국수도 맛있고 유명해지기 전 부터 갔는데 .. 하 맛집이 되버려서 줄을 서야해서 우울하네요 ㅋㅋ","1",""
"4","콜키지프리, 이베리코목살은 퍽퍽했고 삼겹살 맛집","1",""
"5","이름값 갑 한입먹자마자 육즙 오지고 개존맛탱 ","1",""
"5","강남역 고깃집중에서는 최고입니다~ 고기자체 숙성이잘된건지 확실히 일반 체인점고깃집들하고는 차이가 있네요 ㅎㅎ ","1",""
"1","직원들이 불친절. 바빠서 그런건 이해되는데 고기먹으러 갔다가 기분 잡침. ","0",""
"1","별점 1점도 아까운 수준의 서비스 그렇게 저렴한 가격도 아닌 곳이 서비스는 왜저렇게 저렴한지 모르겠음.   처음에 웨이팅 있냐고 전화로 물어봤는데, “웨이팅 있어요?” “네”  -> 웨이팅 있냐고 물으면 몇 팀정도 혹은 얼마나 기다려야하는지 말해줘야하는데 네 라니..? 강남역에 딱히 먹을만한 곳이 없어서 갔는데, 일하는 알바생들은 화가난것처럼 돌아다면서 고...","0",""
"1","너무너무 진짜 너무너무 시끄럽고 너무너무 느끼","0",""
"1","맛은 있지만 직원 실수를 손님한태 뭐라하면 어쩌라는건지","0",""
"5","","1",""
"2","아 진짜...... 일단 양념같은것도 안 되어 있어서 너무너무 과하게 느끼해요 원래 곱창이 느끼하다지만 이건 좀...선넘음  글고 직원이 볶음밥 나중에 시켜도 된다해서 나중에 시켰는데 여사님이 왜 지금 시키냐는 식으로 눈치 줬어요 김가루도 말 하니까 그제서야 아맞다 하고 갖다 주시고.. 그냥 김치랑만 비벼 먹을 뻔 ㅠ 근디 볶음밥은 개존맛이라 1점 추가로 ...","0",""
"1","여기 알바생 인지 직원인지 모르겠는데 교육 다시 시키세요;;  밥 다먹고 나갔다가 잠깐 화장실 급해서 다시 들어가서 잠깐 화장실 쓰려고 했는데 x발 마감 해야되는데  이러시면서 궁시렁되시고 일부러 다 들으라고 하는 것 처럼 하네요 ㅋㅋㅋㅋㅋㅋㅋ 진짜 뭐하자는건지 상당히 기분 나쁘네요 못 배운거 티좀 내지 마십쇼 모자라신건가 그냥…","0",""
"4","곰창 개꿀맛 추천","1",""
"5","","1",""
"3","공기 엄청 탁함 여기 직원들 건강이 걱정될 정도로 곱창은 신선한데 왤케 짠거임?? 두번시켰는데 처음 주문한건 괜찮았는데 두번째껀 소태임","0",""
"1","환기 하도 안시켜서 가자마자 후추뿌린거같은 매캐한 냄새에 기침,재채기가 계속나옴. 기름 안빠지는 판이라 진짜 겁나느끼함(이건 개인취향일수있음). 곱창집인데 밥떨어졌다고 30분 기다려도 볶음밥 없다그래서 나옴 ㅎ 최악","0",""
"1","아는 동생한테 여기 말고 다른 곳으로 오라고 했는데 기어코 검색하면 이 가게가 제일 위에 뜬다고 여기로 오고 주문도 미리 시켰길래 어쩔 수 없이 먹음 매뉴가 나오고 걱정은 현실이 됨 너무 질김 소주 한 잔에 한 입 먹다 도저히 질겨서 바로 뱉고 계산하고 나옴 사람은 왜 이렇게 많은지 알 수 없음","0",""
"5","줄서서 먹음. 맛있다. 둘이서 삼인분 시켰다. 가루 같은거 뿌려서 구우시는데 딱 맛있다. 분위기도 맛있다. 다만 직원 부르는 시스템이 없어서 벨 설치좀 해야 할듯. ","1",""
"4","맛있어요.. 곱창보다 대창을 선호하는데 여긴 곱창 곱이 쓰지않고 꽉 차있어서 맛있었어요. 부추에 곱창 기름이 스며들어서 부추랑 같이 먹으니까 더 맛있었습니다. 근데 사람이 엄청 많은데 직원분들이 별로없어서 굽기를 잘 봐주시는 것 같진 않아요. 너무 바빠보여서 탄 부분 잘라내달라고 하는 것도 죄송스러운.. 직원분들 더 있어야할거같아요. ","1",""
"5","역시 맛집이라 대기가 많던데 오래 기다렸다고 음료서비스도 주시고 사장님넘감사했습니다. 아래 댓글에 서비스 불만글이 좀 있던데 바쁜만큼 이해할 수 있는정도였고 음식점이 맛있으면 됐죠. 큰 서비스 기대없이 방문하면 술한잔하기 최고입니다~","1",""
"2","개인적으로 강남에서 괜찮다는 음식점이 몇 없다 생각하지만 여기만큼은 최고라 했는데… 최근 방문했을 때 큰 실망을 함. 신촌황소곱창 매장 중 여기 지점이 가장 맛있었으나 이젠 가장 별로인 곳으로 남게 됨. 어떻게 이렇게 질기고 맛이 변할 수 있는지… 맛이 변한건지 아님 내가 하필 상태 별로인 날 방문을 한 건지. 아쉽습니다. ","0",""
"3","아주머니가 처음부터 계속 손질해주시는데 타이밍 지나면 좀 타더라구요 손님 점점 많아지니까 테이블 신경 못써주심ㅠㅠ그래도 무난했어요","0",""
"5","2번 갔는데 다 맛있었어요 주차도 돼서 편해요 밑반찬도 괜찮은 편","1",""
"1","귀찮아서 리뷰 안남기는 스타일인데 여긴 많이 실망이라 남겨요..  2년전부터 강남에서 곱창 땡기면 여기갔는데 곱창이나 대창 둘다 갈수록 점점 질겨져서 먹기 힘들어짐. 이젠 절대 안가려함. 코로나로 힘드신지 직원분들 표정에 영혼도 없고 단체손님만 잘해주는 느낌? 기본으로 나오는 국은 깊은맛이 없고 맵기만 함. 볶음밥도 불판에 올리고 슥슥 대충 휘젓는게 다임....","0",""
"3","무난","0",""
"3","","0",""
"2","너무질겨요ㅜㅜ","0",""
"3","비싸긴한데 괜찮아요~","0",""
"1","너무너무너무너무질겨서 삼킬수가 없네요ㅠㅠ","0",""
"1","할말은 많지만 하지 않습니다","0",""
"3","제 입맛엔 맛있었어요 다만 직원이 부족해서(?)인지 필요한거 주문할 때 제때 받기 힘들더라구요ㅠㅠ 볶음밥 안 시켰으면 섭할 뻔 했습니다 가게가 좀 더 깨끗하고 서비스가 좋았으면 진짜 자주 갈 것 같아요","0",""
"3","그닥입니다","0",""
"3","비싸긴한데 괜찮아요~","0",""
"1","너무너무너무너무질겨서 삼킬수가 없네요ㅠㅠ","0",""
"1","할말은 많지만 하지 않습니다","0",""
"3","제 입맛엔 맛있었어요 다만 직원이 부족해서(?)인지 필요한거 주문할 때 제때 받기 힘들더라구요ㅠㅠ 볶음밥 안 시켰으면 섭할 뻔 했습니다 가게가 좀 더 깨끗하고 서비스가 좋았으면 진짜 자주 갈 것 같아요","0",""
"3","그닥입니다","0",""
"5","맛있어요!! 분위기도 좋고 담에 또 가야겠어요 ㅎㅎ굳굳","1",""
"2","야채는 직접 구워 먹어야 합니다. 맛있는 익힘정도로 잘 구워주던 양갈비 전문점 가다가 그냥 굽기만 하는 곳에서 먹으니 내가 직접 구워먹는게 낫겠다 싶어요! (겉은 타고 속은 안익고, 와규 등심은 삼겹살처럼 바싹 태우더라구요) 재방문 의사 없어요! ","0",""
"5","맛있네요 분위기도 좋고 고기도 다 구워주시고 다 좋습니다","1",""
"4","괜찮앗어요 재방문 의사 잇는데 낫또밥은 너무 비림 ㅠ","1",""
"5","좋아요 와인 콜키지도 됨!","1",""
"3","분위기 짱 좋음 금요일밤에 가니까 웨이팅 좀 있음! 예약 꼭 하고 가시길! 양갈비는 언제먹든 맛있는데 고기 구워주는 직원분 스킬이 아쉬웠다.. 양갈비는 자고로 센불에 고기 겉면 빠짝! 익히고 미디움으로 먹는게 최곤데… 숯빼주실때보니까 숯 양이 적었던거 같아서 불이 약했던거 같기두 하당 그리고 양갈비 뼈대쪽은 더 오래 익혀야 살이 익는데 너무 대충 주셔서 나...","0",""
"5","맛 굳 친철 굳","1",""
"3","1년만에 다시 방문 평점 5점에서 3점으로 바꿔요 맛은 달라진게 없는데….","0",""
"4","맛있고 비쌉니다! 모둠2인분, 된장찌개","1",""
"1","친구 추천으로 생일날에 일부러 주말에 방문.코로나로 손님도 없었고 테이블 자리도 텅 비었지만 시간이 몇분 남지 않았다는 이유로 고기도 많이 남았고 가격도 싸지 않은데 눈치없이 불판을 빼서 이해가 안대고 직원의 서비스도 너무 마음에 안듬...두번째 방문이지만 너무 실망이며 직원의 사과 하는태도도 너무 성의가 없어서 강남 매장은  두번다시 방문하고 싶지가 않네...","0",""
"5","","1",""
"5","김희X 직원분이 상당히 고기를 잘 구우십니다 ~ !","1",""
"5","맛있습니다","1",""
"5","흠 존맛인정 ","1",""
"2","장점 - 1. 맛있음 2.콜키지 프리 3.위치  단점 - 1. ⭐️불친절⭐️ 말하고 있는데 무시하고 가는 직원은 처음 봄ㅋㅋ근데 더 짜증나는건 들어올 때 부터 기분 나빴는데 그 직원이 처음부터 끝까지 고기 구워줌 검정색 마스크 코 반까지만 쓰고 나이가 좀 있으시던 분^^ 옆테이블은 나이대가 높아서 그런지 열심히 설명해주더니ㅋㅋ 우리는 걍 고기만 구워 줌  ...","0",""
"4","맛있음","1",""
"2","방문은 19시 50분쯤 했는데, 20시에 주문 마감하신다 함. 어느정도 먹고나서 추가로 이것저것 주문하고 싶어 아쉬웠지만, 사회적 거리두기 때문에 21시까지만 영업이 가능하고 나 또한 충분히 늦게 방문했음을 인지했으므로 이에 대해서는 불만이 없다.  좋은 점 - 고기 상태는 정말 좋고, 직원분들이 어느정도 구워주셔서 비교적 편하게 먹을 수 있다. 밑반찬 류...","0",""
"5","","1",""
"5","","1",""
"4","분위기도 좋고 직원분도 친절하셔서 좋았어요!  설명 하나하나 친절하게 해주시고. 무엇보다 콜키지 프리라 좋아요","1",""
"1","핵노맛 식당 분위기가 1점","0",""
"5","주말엔 점심특선 안 됨ㅠ 안 바쁠 때 가서 그런지 하나하나 잘 구워주시고 육즙 굿 미디움으로 먹어야 맛있다 함 사이드도 다 맛있다 하이볼, 고메볼(고량주 하이볼) 존맡탱 비싼 게 흠","1",""
"5","맛있고 직원분들이 친절해서 좋아요. 가성비도 좋음. 생각보다 고기가 많이서 한꺼번에 안시키는걸 추천. 와인은 여기서 안마셔봐서 모르겠어요. 아마도..? 괜찮을듯","1",""
"5","새로 생겨서 정말 깨끗한 인테리어, 마감시간에 지켜봤는데 다 깨끗이 청소하길래 신뢰... 직접 구워주셔서 맛도 훌륭하고 소스나 찬도 좋았다. 와인콜키지도 병당1만원에 서비스가 좋다. 말 한마디를 해도 좋게 해주는 서비스에 기분이 좋은 곳. ","1",""
"1","핵노맛 식당 분위기가 1점","0",""
"5","주말엔 점심특선 안 됨ㅠ 안 바쁠 때 가서 그런지 하나하나 잘 구워주시고 육즙 굿 미디움으로 먹어야 맛있다 함 사이드도 다 맛있다 하이볼, 고메볼(고량주 하이볼) 존맡탱 비싼 게 흠","1",""
"5","맛있고 직원분들이 친절해서 좋아요. 가성비도 좋음. 생각보다 고기가 많이서 한꺼번에 안시키는걸 추천. 와인은 여기서 안마셔봐서 모르겠어요. 아마도..? 괜찮을듯","1",""
"5","새로 생겨서 정말 깨끗한 인테리어, 마감시간에 지켜봤는데 다 깨끗이 청소하길래 신뢰... 직접 구워주셔서 맛도 훌륭하고 소스나 찬도 좋았다. 와인콜키지도 병당1만원에 서비스가 좋다. 말 한마디를 해도 좋게 해주는 서비스에 기분이 좋은 곳. ","1",""
"3","브레이크타임은 말로만 브레이크 타임인듯 연예인들 밥먹는거 자주 보네요","0",""
"5","맛있어요","1",""
"5","맛있어요. 찌개류가 먹고싶어지긴 하지만 참아야하는 곳","1",""
"3","좀 가격이 있지만 맛있고, 친절합니다^^ (룸예약, 주차 가능)","0",""
"4","","1",""
"4","고기도 맛있고, 크림 볶음밥이 진짜 맛있당ㅋㅋㅋ","1",""
"3","시설 좋고 분위기 좋고 직원 서비스 좋다. 결정적으로 고기맛이 별로인게 함정.","0",""
"3","한번은 가볼만한집 맛은 땅코가 낫다","0",""
"4","가족식사하기 좋아요","1",""
"4","맛있게 먹었어요","1",""
"4","","1",""
"3","삼겹살 쥬이시 하긴 한데 살코기 부분은 너무 퍽퍽하고 목살리 더 맛있는데 요즘 더 맛있는 목살 집도 많아서.. 크림 볶음밥도 그냥 그랬어요.","0",""
"4","매니저님인지 사장님이신지 모르겠지망 홀을 진두지휘(?)하시는 여성 분 너무 친절하시고 사교성도 좋으시고 영업 스킬도 대박이었어용 고기 다 맛있게 구워주세요 청결하고 깔끔한 서타일이구 테이블 형태가 조용히 먹을 수 있는 형태는 아니지망 고깃집이 다 그렇죠 뭐 같이 먹는 사람이 넘모 맛있어하면서 행복해해서 저도 기분 좋았습니다 :-)","1",""
"4","괜찮앗어요 사장님 친절해요 ","1",""
"5","","1",""
"5","","1",""
"4","엄청 비싼데 정말 맛있음 ㅠㅠ 여자 둘이 가서 술도 안마셨는데 9만원 나왔지만 입안에서 육즙이 팡팡 터지는 그 맛을 잊을 수가 없네요. ","1",""
"2","음식점 나름 쾌적하고 서비스도 좋은데 고기 맛도 그냥 그런데다가 비싸기까지 해서 비추...","0",""
"5","친절함","1",""
"1","맛은 있는데 가성비가 ㅜ  ㅜ 150그람 1인분이라 둘이서 배부르게 먹었더니 10마넌나왔어용 ㅎㅎ... 뷔페를 갈걸 그랫어용","0",""
"5","월급받아서 또올꺼얌.. 트러플크림볶음밥까지 먹어야해... 안그럼 다안먹은거임...","1",""
"5","맛있어요","1",""
"4","","1",""
"5","숙성 삼겹살!! 가성비 굳","1",""
"4","","1",""
"3","","0",""
"2","직원 싹바가지없고 그릇다 ㅈㄴ 더러움 근데 껍데기가 존맛탱ㅜ 그리고 껍데기는 안쌈ㅋㅋㅋ","0",""
"1","진심으로 기분나쁘게 먹은곳 사장이랑 직원은 턱스크 아니면 마스크 벗고 손님상대하며 음식만지고있지않나 육회시켰더니 간은 안돼있고 육회깻잎노른자비빈맛이라 소스달라하니 소스는없다하고,,(그럼 기본간이라도 잘해주던가,, 아니면 손님 이렇게 드셔보세요 혹은 저희가 간을 세게 안하는 식당이라서요 , 라는 액션정도는 취하는게 맞다 생각함) 손님들어올때 눈인사는커녕 큐알...","0",""
"1","냉삼. 싸 보이긴 해도 먹다보면 글쎄... 고기도 좀...","0",""
"1","최악  아주머니 싸가지도 없고 냄새도 나고   개구림  스트레스 쌓여 나옴","0",""
"5","전반적으로 셀프 고깃집 스타일이라 처음가면 조금 정신없을 수도 있을 것 같다. 그러나 허름한 선술집, 동네 돼지갈비 맛집을 선호하는 사람이라면... 강남역 일대에서 이만한 집을 찾기 어렵다. 예전에는 웨이팅도 상당했다고 들었는데 지금은 바이러스 감염 때문에 그런 불편함도 없다. 굳~이~ 아쉬운 점을 하나 꼽자면... 셀프 반찬바(?)에 놓인 개인접시 사이즈...","1",""
"4","","1",""
"4","","1",""
"4","","1",""
"4","","1",""
"1","후기 신고해서 삭제하네요  두꺼비 닮은 알바가 불친절해요 많이불친절해요","0",""
"5","제가 가본 냉동삼겹살집중 원탑. 호일 안쓰는게 가장 큰 장점.  냉동의 그 고유한 맛 굿입니다 고사리가 특히 굿굿 사장님은 친절하세요  알바들은 어딜가나 어쩔수없다고 생각함. 제가 갔을 땐 다들 친절하셨음","1",""
"4","고사리 부시고 싶을 때 갑니다. 돈가스도 좋아요. ","1",""
"5","저 왔을때는 직원분들 너무 친절하셧구용 싼맛에 먹기좋은 고기같아요!! 돼지냄새 예민하신분들께는 잡내가 좀 날수도있는데 1인분 4900원인거치곤 너무 맛잇게 먹었습니당~ 주전자 우동도 짱. 걍 음식들 다 싸고 양이 엄청많아요!","1",""
"1","","0",""
"1","사장인지 알바인지 모르겠는데 키180정도되고 안경안끼고 조끼패딩 입는 남자 진짜 ㅈㄴ 싸가지 없음 밥맛도 떨어질 정도임;; 진짜 가지마세요 돼지고기 3인분이상 주문해야하고 굳이 강남 변두리까지와서 먹을이유는 없다고 생각함 오지마세요","0",""
"2","가격에 딱 알맞은 맛.  가성비로는 나쁘지 않았으나 직원이 매우 불친절해요.  값이 저렴하더라도 음식을 적게 시킨것도 아니고 고기 5인분에 밥, 찌개까지 주문했습니다.   가게에 들어가자마자 인사 없고, 테이블 안내 없고, 이용안내 없었습니다. 선주문, 밑반찬 및 수저는 셀프인거 미리 알고 가서 상관은 없었지만 이 정도 응대는 기본적인거라고 생각합니다. 주...","0",""
"4","","1",""
"4","맛은 있으나 직원들이 너무 별로","1",""
"3","이 동네 사는 사람이자 생활외식인으로서 그냥 드는 생각은 말입니다. 이 가격대의 삼겹살을 먹을생각을 하면서 조용한 룸으로 예약을 하겠다는 생각 자체를 하는 분들이 신기하다입니다. ","0",""
"1","첫 주문이 기본 3인분부터면 1인분에 5000원이 아니라 7500원이죠~왜 거짓말 하시나요...?","0",""
"3","저녁시간에 웨이팅 오십분 걸린 거 같은데 그정도 까지 기다릴 필요가? 싼 만큼 셀프서비스가 많고 위생적이진 않네여ㅜ ㅜ 웨이팅 하는데 먼저 예약한 사람들인지 몇 팀은 그냥 먼저 들어가구.. 저렴하지만 고생하면서 고기 먹고싶진 않네요","0",""
"1","최악. 어떻게저런직원들이 장사를 할수있나싶네요 예약은아무런 의미도 없고, 불친절에, 손님들이랑 대화가 아예 안되는 직원들밖에 없네요 싼맛에 가성비찾아 가시는거라면 다른곳을 방문하심이.......","0",""
"4","삼겹살 가격대비 불만없음 돈까스 맛있음 셀프 배식대에 음식이 엥꼬나서 군대때 줄서서 배식하던것처럼 기다려서 배식받음. 다른 지역에서 이랬으면 별 한개지만 이 비싼 강남땅에서 이렇게 장사하는건 그 자체로 존중받고 의미 있다 생각함 근데 돈까스는 가격 제외하고 그냥 맛으로만 따져도 고퀄리티","1",""
"1","화장실냄새나는 식당은 처음이었고 어디에 앉아도 냄새가 심해서 놀람. 앞치마도 지저분하고 냄새남. 전반적으로 위생 별로","0",""
"5","고기 맛있어요   깨끗하고 넓어요 강추에요","1",""
"1","","0",""
"5","서비스좋구요!!! 완전 친절!!! 고기도 맛나고 사이드도 맛있습니다^^ 편하게 즐길수 있는곳이라 추천하고 싶어요~~~ 번창하세요!!!!!!^^","1",""
"5","쫀득살 목살 최고네요 직원분들도 친절합니다  ","1",""
"2","고기 극평범 내부 너무 정신없음","0",""
"1","대기명부적고 기다리는데 다른팀들이 계속 들어가더라구요? 그래서 물어보니 가신줄 알았다고합니다. 밖에서 기다리래서 기다린건데 확인도 안하고.. 안물어봤으면 영원히 기다릴뻔했네요 그 와중에 죄송하다는 인사도 억지로 하는 느낌이라 맛있게먹으러가서 기분만 상했습니다","0",""
"3","삼겹살은 맛없음. 약품처리를 해서 그런지 씹는 맛 없고 그냥 부드럽기만하고 힘줄? 같은거 씹힘. 그리고 알바생들이 대부분 학생인데 중국인학생? 중국말 하는 사람들이 많았음. 여자직원분 불판 안갈아주냐고 정중하게 물으니까 원래 안한다는 식이었다가 내가 짱나서 두번째에 불판 이거 다 쌔까맣게 됐는데 갈아줘야되는거 아니냐니까 그제서야 새거 가져옴. 다 늘러붙어서...","0",""
"2","고기 구워주지 않음. 본점이나 다른 지점과 다른듯.  고기에서 냄새가 남. 다른 지점과 다른듯. 오득살 같은경유 다른 불판으로 알고 있는데 같은 뷸판 사용. 다른 지점과 다른듯. 기대감이 있는 부안집인데 좀 아쉬움","0",""
"4","강남역근처에서 고기를 먹는다면 가볼만한 맛 쫀득살이 뭘까했는데 덜미살이었다! 평소 뒷고기에 애정이 있었다면 목살과 함께 고  ★ 절대비추 지인에 가지말라고 할 집 ★★ 재방문의사 없음/평범 혹은 그이하 ★★★ 괜찮음 누가 가자고하면 다시감 ★★★★ 맛있음 재방문의사 있음 ★★★★★ 추천 찐맛집","1",""
"1","불 약함, 숯 좀 추가해달라니까 끄적끄적 하더니 감.  숯불로 수비드하고옴. 다신안감","0",""
"5","싸고 맛있어요 특히 양념이랑 사이드메뉴가 찰떡궁합 ㅠㅠㅠ 강남에 이런 맛집이라니","1",""
"5","시끌벅적하고 붐벼서 대화는 힘들지만 고깃집은 다 그러니까요 ㅎㅎ 맛있어요 사이드도 완벽","1",""
"5","주차장이 있어서 편리했고, 인테리어는 깔끔무난하며 전체적으로 다 맛있습니다 특히 쫀득살이 대박이네요..","1",""
"5","오랜만에 찐 고기 맛집입니다..매장 자체도 깔끔하고 음식도 깔끔하고 정갈해요!!! 솔직히 퀄리티 대비 가격 저렴하다고 생각해요. 사이드 메뉴도 맛있고..특히 쫀득살 최고에요!!♡ 사장님 너무 친절하세요 바쁘신데도 친절한 응대 해주셔서 기분좋게 먹었습니다~","1",""
"5","고기 대 존 맛. 사이드도 맛있어요. 깔끔하기도 하귱","1",""
"5","쫀득살 맛있어요","1",""
"1","태어나서 먹은 삼겹살 중에 가장 적게 나오고 가장 맛없었던 집인데 심지어 직원 인성도 최하 고기 구워주긴 하는데 고기 안익은채로 드세요 하고 불끄고가버려서 불 다시 키고 직접 굽고있는데 말도 없이 다시 끄고 가버리는 곳이 장사하는 곳인가 싶네요 양아치들만 모아놓은 곳 같음 시끄럽고 맛없고 기분나쁘고 삼위일체임","0",""
"3","보통","0",""
"4","","1",""
"5","삼겹살부터 볶음밥까지 짱맛;; 다시 가고싶네요","1",""
"5","","1",""
"2","고기 노맛","0",""
"5","여기 아주 굿잡입니다 일하시는 분들 서비스도 좋고 특히 매니저?같은 포스의 남자분 아주 잘해주시네요 야외자리에서 먹으면 기가맥힘 고기 질도 좋고 볶음밥 최고입니다.","1",""
"3","서비스가 기대될 위치는 아니었는데 아주 만족.  고기는 맛이 없을수가 없음. ","0",""
"5","강남에서 고기 먹으려면 칼맞만 갑니다 :)  구워주시는 것도 너무 좋고, 개인적으로 저 김치랑 콩나물이 완전 대박 취향 저격","1",""
"2","사람 진짜 많고 정신 없어요 예약안하면 웨이팅이 깁니다","0",""
"5","굿굿 좋아염!! 최공","1",""
"5","맛있음자주감","1",""
"4","넘 시끄럽고, 자리가 좁지만 맛은 있어서 추천함니다","1",""
"1","양이 너무 적어서 충격받았어요..ㅠㅠ 이게 1인분이에요... 볶음밥 드실거면 가세요..","0",""
"3","","0",""
"5","Yum","1",""
"1","맘에드는게없음","0",""
"3","","0",""
"1","다신 안 갈곳 꼬우면 고소하세요","0",""
"5","","1",""
"1","여기서 칼맞은 삼겹살, 항정살 먹고 식중독 걸린듯? 밤새 구토 설사로 죽는줄, 응급실까지 다녀옴. 증거가 없어서 신고는 못했지만(증거가 없으니 다들 참고만)","0",""
"2","칼맞은삼겹살 / 허브와인삼겹살","0",""
"3","괜찮았어.","0",""
"1","고기 밑반찬 다별로 그리고 댓글알바 티남","0",""
"1","불친절하고 배추김치가 없습니다 찍어먹을 마땅한 소스도 없고.. 무료로 주는 해물탕? 탕이라하기도 좀 그런데..ㅋ 칼국수 (8000원)인데 무료로 줬던 해물탕에 사리만 넣어 주시더라구요? 그럴거면 사리 추가 값만 받던가.. 가격대비 별로입니다. 매우 별로ㅠ","0",""
"1","최악입니다.  일단 직원이 싸가지가 정말 없고요. 저희가 뭘 잘못했나 싶을 정도였습니다. 보통 매장 처음 오면 '저희 매장 이용해본 적 있으세요?' 라고 응대하고 메뉴 소개와 셀프바 이용 등을 안내하는데 하나도 없었고요.  고기 메뉴와 탕 메뉴 외엔 표기도 안 되어 있었고 저 멀리 벽면에 조그맣게 붙여놓고 메뉴에 관해 물어보니까 건성건성 지 멋대로 대답하더...","0",""
"1","알바생이 일을 엄청 열심히 합니다! 고기맛은 별로였습니다 ","0",""
"1","하…진짜 평점 믿고 갔는데…꽃삼겹이 뭔가 했더니 냉동삼겹 얇게 썬거 였네요….통삼겹도 느끼하기만하고..같이 구워주는 떡이 제일 맛있었어요. 이걸먹고 이돈을 썼다는게 너무 화가나서 리뷰남깁니다. 차라리 근처에 있는 두껍삼 가세요. 삼육가 갈걸 신논현까지 걸어가기가 귀찮아서 여기 평점보고 갔다가 땅을 치고 후회했어요..가격차이도 얼마 안나는데 퀄리티 차이가 너...","0",""
"5","직원분이 너무너무 친절하시고 좋았어요! 고기도 다 구워주시고 잘라주시고 꿀맛 조합도 알려주셔서 정말 맛있게 먹고왔네요 시험 끝나고 꼭 다시 갈게요!!!!!!!!!!! 밑반찬도, 고기도 진짜 맛있었습니다ㅜㅜ","1",""
"3","음식은 맛있는데 서빙할때 인상 쓰고 하지 마시고  친절도만 좀 신경 써주세요.","0",""
"4","","1",""
"2","","0",""
"4","이모님이 너무 친절하시고 가게가 깨끗한편 항정살 괜찮고 된장찌개 맛있음","1",""
"5","어쩌다 급하게 찾아서 간 곳이엇는데 고기 직접 맛잇게 구워주시구 고기 질도 좋고 기본으로 나오는 국물이 너무 술 재질이라 결국 낮술함 ㅎ.....존맛","1",""
"5","","1",""
"5","목살 퍽퍽하지 않고 맛있음:)","1",""
"5","맛있게먹었다 융숭한대접에감사한다","1",""
"5","맛은 항상 만족. 인테리어나 식탁 배치도 마음에 듦.","1",""
"5","메뉴가 다 맛있네요. 후식 아이스크림도 좋습니다","1",""
"5","고기도 맛나고 장소도 깨끗하게 잘되어 있습니다^^","1",""
"4","이층집에서 질좋은고기와 맛있는음식을 먹으며 친구나 연인들의 즐거운시간과 좋은추억을 만들수있는 곳으로 최고의장소다","1",""
"5","맛있네요. 고기도 다 구워주시고 만족했어요.","1",""
"5","맛있다. 명이나물과 와사비도 줌. 꽃삼겹이 진짜로 꽃 모양으로 나온다.","1",""
"4","맛, 서비스, 분위기 아주 좋네요. 추천드립니다.","1",""
"5","고기맛있당ㅎㅎ","1",""
"5","고기도 구워주고 명이나물에 싸먹으면 진짜 존맛!!!","1",""
"5","삼겹살을 다 구워주시고, 특히 꽃삼겹살은 마치 소고기 차돌박이 같은 얇음. 꼭 드셔보세요","1",""
"1","절대 안감. 고기상태도 별로고 비계덩어리줌 가 본 식당 중에 최악임. 직원 싸가지 없는건 덤 .","0",""
"5","","1",""
"5","직접 구워줘서 좋고 맛도 있어요 여자 직원은 불친절해요 그래도 맛있으니 5점이에요","1",""
"3","맛있는 고기집","0",""
"5","","1",""
"5","고기 맛있어요 잘 구워주시고 밑반찬도 좋아요 조금 비싸기는 한데 구워주는 값이랑 머... 찌개가 다른 된장찌개 같은 것보다 맛있어서 대충 그값이라고 생각하면 괜찮 여자 둘이서 고기 4인분에 맥주2 소주1 냉면 먹으니까 배불러요","1",""
"4","","1",""
"5","고기 진짜 잘구워주시고, 직원분들 친절하세요 (바쁠땐 모르겠지만 난 하가할 때 감) 너무 맛있어요 ♡♡♡♡♡","1",""
"5","목살 개맛있음 가성비는 안 좋음","1",""
"4","","1",""
"1","고긴 맛있는데 양이 쥐오줌만하고 일단 검은색 옷 입으신분이 너무 불친절해서 화날정도^^ 그리고 볶음밥 1인분 시켰는데 원래 반공기라고 말도 안되는 소리하는데 맛도 개짬 손님 불편하게 하는 식당 첨임","0",""
"1","고기는 정말 맛있었고 여자 알바생분들 너무 친절하셔서 좋았어요 ㅎㅎ 하지만 남자직원분, 삼겹2인분 시켰는데 목살 2인분으로 잘못나와서 말씀드렸더니 죄송하단 말도 안하고 훽 가져가버리시고 ,,, 고기도 구워주시다가 나중엔 저희가 구워먹었습니다 ㅎ 볶음밥을 추가로 2개 시켰는데 하도 안나오길래 주문이 들어갔냐고 여쭤봤더니 한참을 안오시는,, 다시 불러서 안들어...","0",""
"5","여기는진짜 고기에진심인곳 인생돼지목살집","1",""
"2","맛은 있으나 양이 쥐 오줌만 함","0",""
"5","참 맛있는 삼겹살과 꽃게라면.","1",""
"5","이렇게 친절한 고깃집 첨봐요!!","1",""
"4","존맷 사장님 친절해요~","1",""
"5","말모말모.. 목살 존맛탱 웨이팅 너무 심각하지만 그래도 가는 이유가 있어요.","1",""
"5","최고의 찐맛집! 지금까지먹어본 고기집중에서 제일맛있었어요","1",""
"1","알바생 한 명이 4개 정도 테이블 고기를 구워주시는데 동일한 집게와 가위를 쓰는거보고 경악했어요~ 물티슈로 쇠판 닦고 그 탄거 묻은 집게로 또 남의 테이블 고기집고 ㅠ구워주는 서비스 좋지만 그 전에 기본인 위생이 먼저아닐까요? 한 테이블마다 1개의 가위 집게. 개선됐으면 좋겠어요~","0",""
"5","저 세상 맛집.... 목살이 이렇게 맛있는 줄 처음 알았던 집 삼겹은 기본이고요!","1",""
"5","너무 친절하셨어요 웨이팅 때도 순서 바로바로 알려주시고 고기도 잘 구워주시는데 서비스도 잘해주셔어요 박경빈 매니져님 최고였습니다 친구 생일이라 케익도 맡겨주시고 설명도 잘해주시고 고기가 제일 맛있어서 5점 드립니다 목살 존맛;; 라면은 필수⭐️⭐️⭐️⭐️⭐️","1",""
"5","고기가 맛있다. 근데 이제 구워 주셔서 편안함을 곁들인..","1",""
"5","사장님이 매우 친절하고 유쾌하세요 고기도 맛있어요","1",""
"4","메인 고기며 밑반찬, 서비스로 주시는 탕까지 진짜 최고입니다! 직원분들도 정말 친절하시고요! 다만 정말 봉우이층집을 사랑하는 사람으로써 사장님께 부탁 좀 드립니다 제발 화장실 좀 깨끗하게 청소해주세요 ㅠ 리모델링 아니 페인트칠이라도 ㅠ 손씻는 핸드워시라도 하나 구비해주십셔! 화장실 상태가 정말 너무 심각합니다 ㅠ 식사 전 손 씻으러 갔다가 너무 놀랐습니다 ...","1",""
"4","화포식당이랑 비슷한거 같아요 ㅇㅅㅇ  소주는 얼려나와 좋어요","1",""